{
    "rmse": 0.7938150156375455,
    "mae": 0.6568076347235783,
    "r2": 0.014931318225890555
}