{
    "rmse": 0.6754852358390909,
    "mae": 0.5385052585017907,
    "r2": 0.25831446786221046
}